folder_id,folder_name
1,A1jBVJHhD5S
2,A1eiU3QtJZS
3,A1-T14PwQPS
4,A1EpEaUAOpS
5,A1scLENhiYS
6,91Yw7J872gS
7,91+lbQkcx5S
8,91CBf2PucRS
9,A1jBHy9ecoS
10,91DccWQJovS
11,9194wrYnsuS
12,919quRNFxHS
13,91risc0HOhS
14,91TinyLmtvS
15,91Z+ZFDkaLS
16,91QI9OO73uS
17,A1vvFYsp4PS
18,A16G49pfsKS
19,91UN-4ypVfS
20,A1Bc1P0TdqS
21,91gY8y3phjS
22,9174TjkrG2S
23,A1as1eJFMZS
24,A1trMn+DPCS
25,A1l3RNefCZS
26,A1mkjLY5A7S
27,A1PirhB4wES
28,A1ESU8dpYhS
29,A1INOWKAOfS
30,A1AVN6EopvS
31,A15VEzukScS
32,91bit+2uAGS
33,91rCwmuvuIS
34,A1B2qmziDvS
35,A15H3k0MRRS
36,A14zSHJKopS
37,A1Wy60+1o4S
38,91xuWi7D5kS
39,A1uLhwCC4mS
40,A1qbiuHTZCS
41,91WwlYjebKS
42,91JfCp4ysES
43,91+fUG+fyBS
44,A1gXF-c+0dS
45,A1aUOWf3EES
46,A1vtrDlFZYS
47,91gJasnQEyS
48,91PbGctNl8S
49,91He1e1jhwS
50,A1YsUDIAq3S
51,A11y7ZJTf6S
52,91WvLcNpdzS
53,A1A0BcAeG0S
54,91fbGDJDEZS
55,91lrKy4o2MS
56,A1UjKO6+U6S
57,91zcRJwjygS
58,91ENRDaKyIS
59,A1eAt1p54XS
60,91yaNbzZb2S
61,91USaiAdMdS
62,91Hi+Nn+WQS
63,A1v-wPFDxBS
64,A1LCBvndW3S
65,A16dhGRUkuS
66,911dnmIdIYS
67,91Zc93fnXBS
68,A15nWd4JYgS
69,91J6B8sbMuS
70,A12Bs0ylPrS
71,91fxYsir49S
72,91nLbWw4ezS
73,A1MPQ2Fne+S
74,91WIsDoNP2S
75,91ZSnUjczES
76,918l-RDCPAS
77,A1-JigxCHVS
78,91mxkmTsn-S
79,91ierZSo5hS
80,A1TfaqtPn1S
81,A1Y7LcdJ8jS
82,A1IPcs--FPS
83,A11UTfKe+tS
84,A14QYvPah6S
85,912Qm4qFZ5S
86,91a7ujDXN9S
87,91ZSSH2D-xS
88,91Ghs8ro+NS
89,A1ZJTtuiBDS
90,91w4r-YTBlS
91,91tvKOw3HqS
92,A1sqF9lNpqS
93,A1qmerAHT-S
94,A1W1FyxFN1S
95,A17Q4CoaY7S
96,A1jx8Z9eIHS
97,91JGLZ4VuIS
98,A1+lct+7pqS
99,91SzoPJfbMS
100,A1ZKroqr8eS
101,91inLIhjlkS
102,91+z7oAY-IS
103,A1mKRBbECZS
104,91iSAR-kQlS
105,A1YTUoD6VLS
106,91lkERFbNzS
107,A1tDo5PqA9S
108,A15F0+kY8rS
109,A1YQG7hbxAS
110,A1UJwaPJfqS
111,A1rkShWKy-S
112,A1NoOlWA5zS
113,A15g0ekJ1US
114,A1Cjr6BQW1S
115,91iKyqnNwxS
116,A1+Ea25jPFS
117,A1cG9GzVTHS
118,91+xeI+ijRS
119,A1-zDL7VfyS
120,911EyguDLjS
121,91UzJdn3N+S
122,91y4PIhedLS
123,A1GOx7I3kfS
124,91fdTDFn-0S
125,A1PBDuSfdiS
126,91Lvh4YdSUS
127,91VyWwPVZBS
128,A1GJweFGAiS
129,91Xs4WPjtTS
130,91zpcutg68S
131,91f66jHiIJS
132,91ouZtTxM6S
133,91lIYuUETHS
134,A17AGFxllwS
135,A1AKpUs29AS
136,A1maQZR5JNS
137,91l9zhxnd-S
138,91Jvr6TZf1S
139,91t1iUyA-DS
140,91rr7Fj3wmS
141,91rso8MLhNS
142,91gayUSzkqS
143,A1ERataKU1S
144,91dVyEFeFXS
145,A1A1OMtYuiS
146,91CHD5t6lkS
147,91VUAXoMGxS
148,91KbTM-Qs5S
149,A1o2X2SZJ8S
150,A15HjAPmcrS
151,A15HYlQRNUS
152,91pn9FUZ9NS
153,916VcoojH6S
154,A1pDSUD-6kS
155,A1bM5kktW7S
156,A1b8hF5TgXS
157,A1X+6J1KpJS
158,A1GHQG8KysS
159,91L8FIoMnTS
160,A1bU-WYQgvS
161,A1C4Gaa9q-S
162,91xENK41GyS
163,A1F3EkKe2ES
164,91Ile3zLhMS
165,9129YDE+cmS
166,A1l1po6YF2S
167,A1wGG6QMSqS
168,A1hlRP7BkZS
169,91wfTWcm+HS
170,A1nKGW2--gS
171,91DU41k+QfS
172,81FyMPk-WIS
173,91Wt9hr+93S
174,910yQoWQpFS
175,A1zaFTtYy+S
176,91+bCFG1jOS
177,A1u1X1B3bWS
178,91LR1LCcc1S
179,A1PyMMv4i2S
180,A1hkvS7COFS
181,91lUoCMPlGS
182,A1reZkUWSVS
183,A1Yh-MNHbrS
184,91v9t7spFnS
185,A14+p6E20BS
186,A1w603Ci8KS
187,A18SZEmAPmS
188,91QfJhDwuxS
189,91zrX+VihKS
190,A1QjseidMkS
191,91NuxtjJ8sS
192,A1b1qjsklzS
193,91EWdk0xgDS
194,A15Qq5inIHS
195,91S-OYN7chS
196,91LU1NHG2zS
197,A1AcsqCBqyS
198,91GN31Z1rVS
199,91itUP78RnS
200,91wrpZZAuGS
201,A1fa0B8PGqS
202,91hVdrwKj8S
203,91t9QPjy6IS
204,91CYKqVIWKS
205,91uXUiMTuVS
206,91jVgPE1s1S
207,A1WY8jED6NS
208,A1kmapmav2S
209,91pUKQ9VE-S
210,A1Z+OiecmLS
211,A1jQBm9NGkS
212,A10DsT3ew3S
213,91VR+4O2H6S
214,914LPAnGLuS
215,91NMtb9JuES
216,91S0eS4UYDS
217,A1Y8HsouVnS
218,91CUFOb58AS
219,9193ZptS2NS
220,91EPHko9EMS
221,918uApIJYCS
222,91yKWACUNcS
223,A1u5vhJKxtS
224,91bTyHxr3KS
225,A1VKFP3456S
226,A12qCU8nimS
227,91yJtf-8RBS
228,A1FYkMYsPAS
229,A1EGxWmdmOS
230,A1JjifG3FwS
231,91smb5UEjsS
232,91rbRfjMweS
233,A1XmzqScZLS
234,91XQ7iTrA3S
235,919vwGkoBZS
236,914YKv4LeXS
237,91UveTFmA3S
238,A15Khtac8xS
239,91KzTEtLCcS
240,91-BAOunZBS
241,A1X3koQIOoS
242,91kahoXLeSS
243,91NlXJ+dBRS
244,A1gVq1bGsKS
245,91B1xPF+UGS
246,A1AjDdqufJS
247,A1MPiBwZuIS
248,91awBtSMraS
249,A196PE754WS
250,91T6U5fAejS
251,A1U3C2fmz4S
252,91awragicLS
253,A1iFJaDDBKS
254,91xDLvKBQ8S
255,A1f94LlYyIS
256,91VBdLPe6sS
257,91C+rpudhdS
258,91jKbe9-y4S
259,91dqdbuZPhS
260,91SkcqZbgHS
261,A1o+Q8NgFnS
262,A1cofEJXx3S
263,91uhnh+Z5rS
264,91IiZsMxf9S
265,A1E+sxSfPQS
266,A1va+qFspPS
267,A1f9DiUYpAS
268,A1kOYTO9sRS
269,9167xfvs0RS
270,A16LhLE1PoS
271,A14e-5v80zS
272,A17zkSVwKES
273,A1xGg3ZcFvS
274,A15GWy1GbkS
275,A1wwPTTzVGS
276,91aHjkHkSQS
277,91c+SL7Cg7S
278,91UGeylvSYS
279,A190oHyN7XS
280,A19FRhRmb-S
281,91PPEg-KXES
282,91gIhZ2S4SS
283,A1w4zlJFPiS
284,919t9Syv9mS
285,A1IT+pEn0iS
286,A1IWb5AMMlS
287,91FvbEl4WSS
288,91SgMpTCl3S
289,A1h5pleQRdS
290,91wac4EX5NS
291,A11yVBcrftS
292,91D23ZVV6NS
293,91vXwMBQScS
294,A1ca1mgsMUS
295,91msz0VABdS
296,A1AMRLTiJGS
297,A1VhNN47hUS
298,91KN65tdl9S
299,A127e+bWMvS
300,A1jFMj0n1JS
301,91IYZzsL6oS
302,91+PxYkdSaS
303,A1Yin2If81S
304,A1P+0ZhMAiS
305,A1p7F2+bYyS
306,917sawDuD5S
307,A1p7n9-jHES
308,A1KcpmdyZcS
309,A1sinewFaDS
310,91U6zCbi81S
311,91LVKVKed0S
312,A1Oxt4PlX5S
313,A1FN3aNHu4S
314,A10guZxkDfS
315,916iz4hbIJS
316,917v6EQuPJS
317,91SOigLcQkS
318,91khUDfmcnS
319,91sUrTdJbTS
320,917B4f44vhS
321,A1WD56t39zS
322,91GoF2Z9ryS
323,A1CyPGq5HcS
324,A1weUj8AndS
325,A12XuDE2T3S
326,91+PxmDyrgS
327,A1ObofRlFtS
328,91ugqUYBFYS
329,91FxsyKa6cS
330,91ORyUPpoDS
331,A1AMAIOLUsS
332,A1e4FvDCO0S
333,A1EjJwhDw-S
334,91UZGkoxFFS
335,91jvQeBJovS
336,A1sE2aFAZDS
337,91WwxuTSaYS
338,910rxtT4lNS
339,A15oY022hnS
340,A1SitGflSMS
341,A1q5q4JH2cS
342,91+20mY7UJS
343,91AxNIzSlaS
344,A15KmK+PapS
345,91Xg-11OuYS
346,A1HoF0l4NrS
347,91QFEra7jDS
348,91+uwOT1POS
349,A134R3du4SS
350,91Om51OQRgS
351,91TDp5Z08AS
352,911HPTHcpRS
353,91id9oI6OXS
354,A1-92I736ES
355,91Gi3oNo0ZS
356,A1b0a5leqoS
357,A149qryhUwS
358,9191vM3gWUS
359,A1L6XV+jeQS
360,91G0vO9z0KS
361,91lOX26QQ+S
362,91-9wEBqAlS
363,91BxsiLn7uS
364,91nTMHxyitS
365,91iEHRn6ZGS
366,91Fl2rS9sAS
367,A1aF4I7s-hS
368,A14qP36SAnS
369,A1JverX4ADS
370,A1PY+v5m7oS
371,91-wIan2z6S
372,A135+VkA+9S
373,911oR3cdb1S
374,91elFllk8oS
375,91CO316EfOS
376,A1uwPz7+srS
377,A1N1qLQou6S
378,A1u0IlecjbS
379,A1S0xsQfaiS
380,912b+e6TrKS
381,A1DKTgVSVaS
382,A1nYlrP3+zS
383,91tr6rk41qS
384,91kau3zgnCS
385,91O0DKws+gS
386,91k+vG5ThUS
387,91w13yjb8MS
388,91mOBF1cAJS
389,91LxNkrQZVS
390,A14gz1dCU2S
391,A1JAMLw3HHS
392,91d1Gs7pDqS
393,91k62gM3CdS
394,91-kqBbzDIS
395,91A3-6ehAhS
396,91Iegdp9HFS
397,91Ucjr9DLYS
398,A1MsFmxPg1S
399,91bMH7SeuoS
400,A16dzLO+diS
401,A1H-rni1GwS
402,A13x1REw8VS
403,91BeC-Eo4+S
404,A1Qf04-ORaS
405,A11fCqkXWUS
406,91rduj3SEeS
407,A1ioBaIf3+S
408,91hECpvrRSS
409,A16SWkijSrS
410,91-2Jb8DkfS
411,A1TmEeuBxfS
412,A1hQq1tJyZS
413,91NUBMaZ0MS
414,A1AaQORgLfS
415,A1ZfjsfRsJS
416,A1LXiB9DErS
417,91I3ReFlwmS
418,A1ahIWv8SpS
419,91eqrZs3NOS
420,91GeSv-KwSS
421,A18GIeJe6RS
422,A1TTCvb9eqS
423,A14lkhInQfS
424,A1NPZwUqfaS
425,A14+vjk00kS
426,91pO-0Xf8CS
427,91X-fpTnQjS
428,91KyQhcAjmS
429,917zWmTGVMS
430,A1Ir3wQYrRS
431,A1ov09nlukS
432,A1eEZvfJRUS
433,A1Pd+czuQ5S
434,91zX7m12qrS
435,A1sJoS5NgBS
436,A1nbMxob4VS
437,91jAkcMn9ES
438,91i7wHVECAS
439,91iLyRqupFS
440,91qaGfTESXS
441,91hfgkIXQHS
442,A1phWCkHzQS
443,A1E-bnKT5iS
444,91t-lS-8VkS
445,91FQY9XTyQS
446,A1fjrQMJMAS
447,A1W9PeerqUS
448,A1nolvbbFUS
449,A1AhksKfjQS
450,A1y4ALrThUS
451,A1372XbmjQS
452,A1jqlFsctyS
453,919k+nrbR6S
454,A158fYJR5gS
455,A1gHv2OcraS
456,A13qMfx+VdS
457,91d3Lx1uCYS
458,91CL7aaNUQS
459,91Rff5U3uHS
460,A1rxI8K31eS
461,A1K2E+QDwJS
462,A1GqSV9JCNS
463,91p9RBHG-qS
464,A1kBIdnD65S
465,A1cks+TzPgS
466,91FQFmPfsPS
467,A1CGKqiQbKS
468,A1W-zcVU1JS
469,91V2ZOx7L2S
470,A1fta5rGYwS
471,A1-6cHgMKxS
472,A1QvutYxzXS
473,A11EAY9CR5S
474,A1Y4RROg3yS
475,91bxJwvqyzS
476,A1je3steNHS
477,91e5Zx4EMDS
478,A1s0+qM9T1S
479,91P6l1xYVQS
480,91HL0Dn7NzS
481,91Sc09ZXIWS
482,91C01Mb7OBS
483,A1LI3q12smS
484,A1TkcPfqMYS
485,A190M-8Kh8S
486,91xHpayzM0S
487,A18fOhsmJWS
488,A1P10LXQgGS
489,A1kmEeviTSS
490,91sHkbnXtmS
491,91tO0imIhfS
492,91sbGyAh4lS
493,91ETNTpkRLS
494,A1fhGrcXjjS
495,91syhDT3BfS
496,A1fd4ZDyhwS
497,91sNkqpxajS
498,A1klQ-odb4S
499,A1-ZzOdQ9tS
500,91mJs1Rx9ZS
